"Prenom","Nom","username","mdp"
"nathalie","gaio","ngaio","natgaio"
"anouche","alamir","aalamir","nounouche"
"claire","cellario","ccellario","frambwii"
"david","partouceh","dpartouche","@marseille@"
"audrey","lepitre","alepitre","laudrey06"
"quentin","ellak","qellak","quentin06"
